{"stats":{"minecraft:custom":{"minecraft:jump":21,"minecraft:time_since_rest":21400,"minecraft:leave_game":1,"minecraft:sprint_one_cm":423,"minecraft:play_time":21400,"minecraft:time_since_death":21400,"minecraft:walk_one_cm":5935,"minecraft:total_world_time":21400,"minecraft:fall_one_cm":269,"minecraft:drop":1,"minecraft:fly_one_cm":605},"minecraft:mined":{"minecraft:short_grass":17,"minecraft:grass_block":6,"minecraft:coarse_dirt":1,"minecraft:dirt":1},"minecraft:dropped":{"minecraft:wheat_seeds":2},"minecraft:used":{"minecraft:dirt":6,"minecraft:coarse_dirt":1},"minecraft:picked_up":{"minecraft:coarse_dirt":1,"minecraft:wheat_seeds":3,"minecraft:dirt":7}},"DataVersion":3955}