{"stats":{"minecraft:mined":{"minecraft:tuff":7,"minecraft:deepslate_diamond_ore":36,"minecraft:oak_door":1,"minecraft:obsidian":15,"minecraft:granite":15,"minecraft:grass_block":8,"minecraft:jungle_log":38,"minecraft:oxeye_daisy":1,"minecraft:hay_block":47,"minecraft:furnace":4,"minecraft:iron_ore":24,"minecraft:cobbled_deepslate":10,"minecraft:andesite":1,"minecraft:deepslate_lapis_ore":38,"minecraft:white_glazed_terracotta":1,"minecraft:vine":13,"minecraft:deepslate_iron_ore":41,"minecraft:stone":85,"minecraft:deepslate_redstone_ore":39,"minecraft:amethyst_cluster":4,"minecraft:dandelion":1,"minecraft:crafting_table":10,"minecraft:clay":1,"minecraft:torch":11,"minecraft:short_grass":14,"minecraft:calcite":18,"minecraft:tall_grass":13,"minecraft:cobblestone":8,"minecraft:deepslate_gold_ore":28,"minecraft:lapis_ore":1,"minecraft:sugar_cane":15,"minecraft:amethyst_block":14,"minecraft:lime_bed":6,"minecraft:wheat":21,"minecraft:oak_log":20,"minecraft:coal_ore":56,"minecraft:beetroots":2,"minecraft:lime_terracotta":3,"minecraft:gravel":2,"minecraft:dirt":42,"minecraft:smooth_basalt":9,"minecraft:stonecutter":1,"minecraft:deepslate":199,"minecraft:oak_leaves":1},"minecraft:crafted":{"minecraft:oak_door":3,"minecraft:oak_planks":80,"minecraft:raw_iron":27,"minecraft:furnace":4,"minecraft:iron_boots":1,"minecraft:iron_axe":2,"minecraft:stone_pickaxe":1,"minecraft:chest":7,"minecraft:redstone_block":4,"minecraft:bundle":2,"minecraft:stone_hoe":1,"minecraft:raw_iron_block":3,"minecraft:wheat":63,"minecraft:cooked_beef":6,"minecraft:diamond_sword":1,"minecraft:crafting_table":2,"minecraft:wooden_pickaxe":1,"minecraft:iron_helmet":1,"minecraft:bucket":4,"minecraft:stone_axe":1,"minecraft:jungle_planks":32,"minecraft:bread":21,"minecraft:air":0,"minecraft:iron_chestplate":1,"minecraft:diamond_pickaxe":1,"minecraft:shield":2,"minecraft:stick":48,"minecraft:iron_ingot":59,"minecraft:iron_pickaxe":1,"minecraft:gold_ingot":14,"minecraft:iron_leggings":1,"minecraft:torch":124,"minecraft:lapis_block":11},"minecraft:broken":{"minecraft:stone_pickaxe":1,"minecraft:shield":1,"minecraft:iron_axe":1,"minecraft:iron_pickaxe":1},"minecraft:dropped":{"minecraft:iron_ingot":4,"minecraft:iron_sword":1,"minecraft:wheat_seeds":41,"minecraft:lapis_lazuli":4,"minecraft:lapis_block":5,"minecraft:redstone":96,"minecraft:gravel":2,"minecraft:stone_axe":4,"minecraft:raw_iron":24,"minecraft:rotten_flesh":1,"minecraft:bundle":2,"minecraft:raw_gold":1},"minecraft:custom":{"minecraft:mob_kills":91,"minecraft:interact_with_crafting_table":39,"minecraft:bell_ring":2,"minecraft:leave_game":2,"minecraft:time_since_death":16167,"minecraft:climb_one_cm":677,"minecraft:sprint_one_cm":237379,"minecraft:walk_one_cm":372678,"minecraft:damage_blocked_by_shield":3520,"minecraft:drop":19,"minecraft:talked_to_villager":11,"minecraft:play_time":131441,"minecraft:deaths":4,"minecraft:sneak_time":8998,"minecraft:walk_under_water_one_cm":2477,"minecraft:jump":2270,"minecraft:walk_on_water_one_cm":31006,"minecraft:total_world_time":131441,"minecraft:interact_with_furnace":42,"minecraft:sleep_in_bed":5,"minecraft:time_since_rest":10132,"minecraft:damage_taken":3660,"minecraft:damage_dealt":16758,"minecraft:swim_one_cm":8681,"minecraft:fly_one_cm":292863,"minecraft:open_chest":30,"minecraft:crouch_one_cm":20240,"minecraft:fall_one_cm":45480,"minecraft:horse_one_cm":3585},"minecraft:killed_by":{"minecraft:creeper":1,"minecraft:skeleton":2},"minecraft:picked_up":{"minecraft:crafting_table":11,"minecraft:iron_chestplate":4,"minecraft:wheat":41,"minecraft:clay_ball":4,"minecraft:diamond_sword":1,"minecraft:shield":4,"minecraft:amethyst_block":14,"minecraft:lapis_block":5,"minecraft:string":13,"minecraft:iron_axe":4,"minecraft:iron_leggings":2,"minecraft:beetroot":2,"minecraft:cobbled_deepslate":386,"minecraft:bucket":2,"minecraft:beef":6,"minecraft:calcite":18,"minecraft:poppy":2,"minecraft:iron_pickaxe":2,"minecraft:sugar_cane":35,"minecraft:iron_boots":2,"minecraft:furnace":5,"minecraft:white_glazed_terracotta":1,"minecraft:raw_iron":109,"minecraft:oak_door":1,"minecraft:torch":77,"minecraft:redstone":405,"minecraft:arrow":27,"minecraft:rotten_flesh":89,"minecraft:beetroot_seeds":7,"minecraft:hay_block":47,"minecraft:obsidian":15,"minecraft:cobblestone":122,"minecraft:oxeye_daisy":1,"minecraft:lime_bed":6,"minecraft:jungle_log":38,"minecraft:glow_ink_sac":4,"minecraft:water_bucket":2,"minecraft:andesite":1,"minecraft:leather":4,"minecraft:tuff":13,"minecraft:oak_log":20,"minecraft:lapis_lazuli":462,"minecraft:dirt":50,"minecraft:bone":34,"minecraft:apple":1,"minecraft:stonecutter":1,"minecraft:wheat_seeds":144,"minecraft:raw_gold":29,"minecraft:iron_ingot":8,"minecraft:iron_sword":4,"minecraft:oak_planks":3,"minecraft:smooth_basalt":9,"minecraft:dandelion":1,"minecraft:lime_terracotta":3,"minecraft:gravel":2,"minecraft:lava_bucket":3,"minecraft:amethyst_shard":16,"minecraft:spider_eye":2,"minecraft:bundle":10,"minecraft:slime_ball":6,"minecraft:diamond":39,"minecraft:stone_axe":4,"minecraft:iron_helmet":2,"minecraft:granite":15,"minecraft:bread":40,"minecraft:oak_sapling":1,"minecraft:coal":173,"minecraft:ender_pearl":2,"minecraft:diamond_pickaxe":2},"minecraft:used":{"minecraft:beetroot":2,"minecraft:chest":7,"minecraft:shield":43,"minecraft:iron_sword":10,"minecraft:stone_hoe":47,"minecraft:rotten_flesh":22,"minecraft:oak_door":2,"minecraft:iron_chestplate":4,"minecraft:torch":138,"minecraft:dirt":34,"minecraft:tuff":3,"minecraft:granite":15,"minecraft:iron_axe":188,"minecraft:jungle_log":3,"minecraft:iron_helmet":1,"minecraft:iron_boots":1,"minecraft:furnace":7,"minecraft:cooked_beef":6,"minecraft:cobbled_deepslate":103,"minecraft:iron_leggings":1,"minecraft:wheat_seeds":22,"minecraft:water_bucket":10,"minecraft:bundle":6,"minecraft:stone_pickaxe":129,"minecraft:wooden_pickaxe":25,"minecraft:sugar_cane":35,"minecraft:crafting_table":11,"minecraft:lime_bed":6,"minecraft:diamond_pickaxe":256,"minecraft:oxeye_daisy":1,"minecraft:bread":32,"minecraft:iron_pickaxe":250,"minecraft:stone_axe":65,"minecraft:diamond_sword":34,"minecraft:cobblestone":65,"minecraft:bucket":15,"minecraft:dandelion":1},"minecraft:killed":{"minecraft:spider":8,"minecraft:slime":4,"minecraft:skeleton":19,"minecraft:iron_golem":1,"minecraft:zombie":51,"minecraft:glow_squid":1,"minecraft:enderman":2,"minecraft:cow":4}},"DataVersion":4082}