{"stats":{"minecraft:mined":{"minecraft:tuff":7,"minecraft:deepslate_diamond_ore":36,"minecraft:oak_door":1,"minecraft:obsidian":15,"minecraft:granite":15,"minecraft:grass_block":4,"minecraft:oxeye_daisy":1,"minecraft:hay_block":47,"minecraft:furnace":4,"minecraft:iron_ore":24,"minecraft:cobbled_deepslate":10,"minecraft:andesite":1,"minecraft:deepslate_lapis_ore":38,"minecraft:white_glazed_terracotta":1,"minecraft:deepslate_iron_ore":41,"minecraft:stone":85,"minecraft:deepslate_redstone_ore":39,"minecraft:amethyst_cluster":4,"minecraft:dandelion":1,"minecraft:crafting_table":10,"minecraft:clay":1,"minecraft:torch":11,"minecraft:short_grass":12,"minecraft:calcite":18,"minecraft:tall_grass":13,"minecraft:cobblestone":8,"minecraft:deepslate_gold_ore":28,"minecraft:lapis_ore":1,"minecraft:amethyst_block":14,"minecraft:lime_bed":5,"minecraft:wheat":20,"minecraft:oak_log":20,"minecraft:coal_ore":56,"minecraft:lime_terracotta":3,"minecraft:gravel":2,"minecraft:dirt":37,"minecraft:smooth_basalt":9,"minecraft:stonecutter":1,"minecraft:deepslate":199,"minecraft:oak_leaves":1},"minecraft:crafted":{"minecraft:oak_door":3,"minecraft:oak_planks":80,"minecraft:raw_iron":27,"minecraft:furnace":4,"minecraft:iron_boots":1,"minecraft:iron_axe":2,"minecraft:stone_pickaxe":1,"minecraft:chest":3,"minecraft:redstone_block":4,"minecraft:bundle":2,"minecraft:stone_hoe":1,"minecraft:raw_iron_block":3,"minecraft:wheat":63,"minecraft:cooked_beef":6,"minecraft:diamond_sword":1,"minecraft:crafting_table":2,"minecraft:wooden_pickaxe":1,"minecraft:iron_helmet":1,"minecraft:bucket":4,"minecraft:stone_axe":1,"minecraft:bread":21,"minecraft:air":0,"minecraft:iron_chestplate":1,"minecraft:diamond_pickaxe":1,"minecraft:shield":2,"minecraft:stick":48,"minecraft:iron_ingot":59,"minecraft:iron_pickaxe":1,"minecraft:gold_ingot":14,"minecraft:iron_leggings":1,"minecraft:torch":124,"minecraft:lapis_block":11},"minecraft:broken":{"minecraft:stone_pickaxe":1,"minecraft:shield":1,"minecraft:iron_axe":1,"minecraft:iron_pickaxe":1},"minecraft:dropped":{"minecraft:iron_ingot":4,"minecraft:iron_sword":1,"minecraft:lapis_lazuli":4,"minecraft:lapis_block":5,"minecraft:redstone":32,"minecraft:gravel":2,"minecraft:stone_axe":4,"minecraft:raw_iron":18,"minecraft:rotten_flesh":1,"minecraft:raw_gold":1},"minecraft:custom":{"minecraft:mob_kills":91,"minecraft:interact_with_crafting_table":35,"minecraft:bell_ring":2,"minecraft:leave_game":1,"minecraft:time_since_death":2920,"minecraft:climb_one_cm":28,"minecraft:sprint_one_cm":203733,"minecraft:walk_one_cm":339215,"minecraft:damage_blocked_by_shield":3520,"minecraft:drop":13,"minecraft:talked_to_villager":11,"minecraft:play_time":118194,"minecraft:deaths":4,"minecraft:sneak_time":8951,"minecraft:walk_under_water_one_cm":2477,"minecraft:jump":2061,"minecraft:walk_on_water_one_cm":30669,"minecraft:total_world_time":118194,"minecraft:interact_with_furnace":42,"minecraft:sleep_in_bed":4,"minecraft:time_since_rest":2954,"minecraft:damage_taken":3520,"minecraft:damage_dealt":16668,"minecraft:swim_one_cm":8681,"minecraft:fly_one_cm":245003,"minecraft:open_chest":14,"minecraft:crouch_one_cm":20095,"minecraft:fall_one_cm":41305},"minecraft:killed_by":{"minecraft:creeper":1,"minecraft:skeleton":2},"minecraft:picked_up":{"minecraft:crafting_table":10,"minecraft:iron_chestplate":3,"minecraft:wheat":20,"minecraft:clay_ball":4,"minecraft:shield":3,"minecraft:amethyst_block":14,"minecraft:lapis_block":5,"minecraft:string":13,"minecraft:iron_axe":3,"minecraft:iron_leggings":1,"minecraft:cobbled_deepslate":315,"minecraft:bucket":2,"minecraft:beef":6,"minecraft:calcite":18,"minecraft:poppy":2,"minecraft:iron_pickaxe":2,"minecraft:iron_boots":1,"minecraft:furnace":4,"minecraft:white_glazed_terracotta":1,"minecraft:raw_iron":97,"minecraft:oak_door":1,"minecraft:torch":77,"minecraft:redstone":249,"minecraft:arrow":21,"minecraft:rotten_flesh":89,"minecraft:hay_block":47,"minecraft:obsidian":15,"minecraft:cobblestone":119,"minecraft:oxeye_daisy":1,"minecraft:lime_bed":5,"minecraft:glow_ink_sac":2,"minecraft:water_bucket":1,"minecraft:andesite":1,"minecraft:leather":4,"minecraft:tuff":9,"minecraft:oak_log":20,"minecraft:lapis_lazuli":345,"minecraft:dirt":41,"minecraft:bone":31,"minecraft:apple":1,"minecraft:stonecutter":1,"minecraft:wheat_seeds":60,"minecraft:raw_gold":29,"minecraft:iron_ingot":8,"minecraft:iron_sword":4,"minecraft:smooth_basalt":9,"minecraft:dandelion":1,"minecraft:lime_terracotta":3,"minecraft:gravel":2,"minecraft:amethyst_shard":16,"minecraft:spider_eye":2,"minecraft:bundle":6,"minecraft:slime_ball":3,"minecraft:diamond":39,"minecraft:stone_axe":4,"minecraft:iron_helmet":1,"minecraft:granite":15,"minecraft:bread":40,"minecraft:oak_sapling":1,"minecraft:coal":156,"minecraft:ender_pearl":1,"minecraft:diamond_pickaxe":1},"minecraft:used":{"minecraft:chest":3,"minecraft:shield":43,"minecraft:iron_sword":10,"minecraft:rotten_flesh":22,"minecraft:stone_hoe":47,"minecraft:iron_chestplate":4,"minecraft:oak_door":2,"minecraft:torch":138,"minecraft:dirt":26,"minecraft:tuff":3,"minecraft:granite":15,"minecraft:iron_axe":136,"minecraft:iron_helmet":1,"minecraft:iron_boots":1,"minecraft:furnace":7,"minecraft:cooked_beef":6,"minecraft:cobbled_deepslate":103,"minecraft:iron_leggings":1,"minecraft:wheat_seeds":19,"minecraft:water_bucket":10,"minecraft:bundle":6,"minecraft:stone_pickaxe":129,"minecraft:wooden_pickaxe":25,"minecraft:lime_bed":5,"minecraft:crafting_table":11,"minecraft:diamond_pickaxe":256,"minecraft:oxeye_daisy":1,"minecraft:bread":32,"minecraft:iron_pickaxe":250,"minecraft:stone_axe":65,"minecraft:diamond_sword":33,"minecraft:cobblestone":65,"minecraft:bucket":15,"minecraft:dandelion":1},"minecraft:killed":{"minecraft:spider":8,"minecraft:slime":4,"minecraft:skeleton":19,"minecraft:iron_golem":1,"minecraft:zombie":51,"minecraft:glow_squid":1,"minecraft:enderman":2,"minecraft:cow":4}},"DataVersion":4082}