{
  "mt:item_related_advancements/mountain_leggings": {
    "criteria": {
      "requirement": "2024-09-05 20:10:31 +0000"
    },
    "done": true
  },
  "repurposed_structures:root": {
    "criteria": {
      "always": "2024-09-05 20:10:30 +0000"
    },
    "done": true
  },
  "minecraft:recipes/decorations/crafting_table": {
    "criteria": {
      "unlock_right_away": "2024-09-05 20:10:30 +0000"
    },
    "done": true
  },
  "mt:mechanics/small/timer": {
    "criteria": {
      "requirement": "2024-09-05 20:10:30 +0000"
    },
    "done": true
  },
  "mt:item_related_advancements/jungle_shoes": {
    "criteria": {
      "requirement": "2024-09-05 20:10:31 +0000"
    },
    "done": true
  },
  "mt:mechanics/step_height/timer": {
    "criteria": {
      "requirement": "2024-09-05 20:10:30 +0000"
    },
    "done": true
  },
  "mt:mechanics/reach/timer": {
    "criteria": {
      "requirement": "2024-09-05 20:10:30 +0000"
    },
    "done": true
  },
  "mt:mechanics/big/timer": {
    "criteria": {
      "requirement": "2024-09-05 20:10:30 +0000"
    },
    "done": true
  },
  "mt:load": {
    "criteria": {
      "requirement": "2024-09-05 20:10:30 +0000"
    },
    "done": true
  },
  "mt:mechanics/charm/timer": {
    "criteria": {
      "requirement": "2024-09-05 20:10:31 +0000"
    },
    "done": true
  },
  "mt:mechanics/light/timer": {
    "criteria": {
      "requirement": "2024-09-05 20:10:30 +0000"
    },
    "done": true
  },
  "DataVersion": 3955
}